﻿<?xml version="1.0" encoding="utf-8"?>
<deployment>
  <id>5d8bd959-8a12-4c20-853d-180b7823de14</id>
  <author>N/A</author>
  <deployer>GITHUB_ZIP_DEPLOY</deployer>
  <authorEmail>N/A</authorEmail>
  <message>{"type":"deployment","sha":"dbf3ce35748cda742a6848d44baf451673b5df18","repoName":"michaelloggins/timesheet-app","actor":"michaelloggins","slotName":"production","commitMessage":""}</message>
  <progress></progress>
  <status>Success</status>
  <statusText></statusText>
  <lastSuccessEndTime>2025-10-16T01:01:37.9509135Z</lastSuccessEndTime>
  <receivedTime>2025-10-16T00:55:22.4294521Z</receivedTime>
  <startTime>2025-10-16T00:55:23.8644693Z</startTime>
  <endTime>2025-10-16T01:01:37.9509135Z</endTime>
  <complete>True</complete>
  <is_temp>False</is_temp>
  <is_readonly>True</is_readonly>
  <buildSummary />
</deployment>