﻿<?xml version="1.0" encoding="utf-8"?>
<deployment>
  <id>d5a14145-3911-4032-b616-ff458bae76a8</id>
  <author>N/A</author>
  <deployer>GITHUB_ZIP_DEPLOY</deployer>
  <authorEmail>N/A</authorEmail>
  <message>{"type":"deployment","sha":"007c17078c2cb1d98cb23eebec23c76a4e76936e","repoName":"michaelloggins/timesheet-app","actor":"michaelloggins","slotName":"production","commitMessage":"Fix Azure resource names in GitHub Actions workflows\n\nUpdated workflow environment variables to match actual deployed Azure resources:\n- Backend API: api-MVD-TimeSheet-timesheet → api-miravista-timesheet\n- Functions App: func-MVD-TimeSheet-jobs → func-miravista-jobs\n\nThese names were simplified during infrastructure deployment to remove\nthe duplicate \"Timesheet\" naming, but the workflows were not updated.\n\nThis fixes the deployment error: \"Resource api-MVD-TimeSheet-timesheet\nof type Microsoft.Web/Sites doesn't exist.\"\n\n🤖 Generated with [Claude Code](https://claude.com/claude-code)\n\nCo-Authored-By: Claude &lt;noreply@anthropic.com&gt;"}</message>
  <progress></progress>
  <status>Success</status>
  <statusText></statusText>
  <lastSuccessEndTime>2025-10-16T00:52:55.3563381Z</lastSuccessEndTime>
  <receivedTime>2025-10-16T00:45:20.8193275Z</receivedTime>
  <startTime>2025-10-16T00:45:22.1612259Z</startTime>
  <endTime>2025-10-16T00:52:55.3563381Z</endTime>
  <complete>True</complete>
  <is_temp>False</is_temp>
  <is_readonly>True</is_readonly>
  <buildSummary />
</deployment>