<step title="Incoming Request" date="2025-10-16T01:05:58.511" instance="cb5eef" url="/api/zipdeploy?isAsync=true&amp;deployer=GITHUB_ZIP_DEPLOY&amp;message=%7B%22type%22%3A%22deployment%22%2C%22sha%22%3A%22012cc23f79c5115c1db54d1abe3b8a5db43f0208%22%2C%22repoName%22%3A%22michaelloggins%2Ftimesheet-app%22%2C%22actor%22%3A%22michaelloggins%22%2C%22slotName%22%3A%22production%22%2C%22commitMessage%22%3A%22Fix%20backend%20deployment%20package%20structure%20for%20Azure%20Web%20App%5Cn%5CnFixed%20the%20zip%20file%20structure%20to%20have%20files%20at%20root%20level%20instead%20of%5Cnnested%20in%20a%20%27deploy%27%20folder%2C%20which%20was%20causing%20Azure%20to%20serve%20the%5Cndefault%20welcome%20page%20instead%20of%20the%20application.%5Cn%5CnChanges%3A%5Cn-%20Changed%20zip%20command%20from%20%27zip%20-r%20deploy.zip%20deploy%27%20to%20%27zip%20-r%20..%2Fdeploy.zip%20.%27%5Cn-%20Now%20zipping%20from%20inside%20the%20deploy%20directory%20to%20get%20correct%20structure%5Cn%5CnBefore%20(incorrect)%3A%5Cn%20%20deploy.zip%2F%5Cn%20%20%20%20deploy%2F%5Cn%20%20%20%20%20%20dist%2F%5Cn%20%20%20%20%20%20package.json%5Cn%20%20%20%20%20%20node_modules%2F%5Cn%5CnAfter%20(correct)%3A%5Cn%20%20deploy.zip%2F%5Cn%20%20%20%20dist%2F%5Cn%20%20%20%20package.json%5Cn%20%20%20%20node_modules%2F%5Cn%5CnThis%20allows%20Azure%20Web%20App%20to%20properly%20detect%20the%20Node.js%20application%5Cnand%20start%20it%20using%20the%20%5C%22start%5C%22%20script%20from%20package.json.%5Cn%5CnFixes%20the%20404%20error%20on%20%2Fhealth%20endpoint%20by%20ensuring%20the%20application%5Cnactually%20starts%20instead%20of%20serving%20the%20default%20Azure%20welcome%20page.%5Cn%5Cn%F0%9F%A4%96%20Generated%20with%20%5BClaude%20Code%5D(https%3A%2F%2Fclaude.com%2Fclaude-code)%5Cn%5CnCo-Authored-By%3A%20Claude%20%3Cnoreply%40anthropic.com%3E%22%7D" method="POST" type="request" pid="821,1,20" Host="api-miravista-timesheet.scm.azurewebsites.net" User-Agent="GITHUBACTIONS_DeployWebAppToAzure_5205176792b9ef4c1e63505bf009d21eeced612de5bf6ec1d71419dca72ba87f" Authorization="Bea..." Content-Type="application/octet-stream" Cookie="ARRAffinity=cb5eef86f0671d460c85f76729d7ee1bab40c68fdb93facb5032b33e34f853e1;Path=/;HttpOnly;Secure;Domain=api-miravista-timesheet.scm.azurewebsites.net; ARRAffinitySameSite=cb5eef86f0671d460c85f76729d7ee1bab40c68fdb93facb5032b33e34f853e1;Path=/;HttpOnly;SameSite=None;Secure;Domain=api-miravista-timesheet.scm.azurewebsites.net" Transfer-Encoding="chunked" X-ARR-LOG-ID="7b0f893a-a790-4f37-88b2-c620f762f67e" CLIENT-IP="64.236.134.49:43008" X-SITE-DEPLOYMENT-ID="api-miravista-timesheet" WAS-DEFAULT-HOSTNAME="api-miravista-timesheet.scm.azurewebsites.net" X-Forwarded-Proto="https" X-AppService-Proto="https" X-Forwarded-TlsVersion="1.3" X-WAWS-Unencoded-URL="/api/zipdeploy?isAsync=true&amp;deployer=GITHUB_ZIP_DEPLOY&amp;message=%7B%22type%22%3A%22deployment%22%2C%22sha%22%3A%22012cc23f79c5115c1db54d1abe3b8a5db43f0208%22%2C%22repoName%22%3A%22michaelloggins%2Ftimesheet-app%22%2C%22actor%22%3A%22michaelloggins%22%2C%22slotName%22%3A%22production%22%2C%22commitMessage%22%3A%22Fix%20backend%20deployment%20package%20structure%20for%20Azure%20Web%20App%5Cn%5CnFixed%20the%20zip%20file%20structure%20to%20have%20files%20at%20root%20level%20instead%20of%5Cnnested%20in%20a%20%27deploy%27%20folder%2C%20which%20was%20causing%20Azure%20to%20serve%20the%5Cndefault%20welcome%20page%20instead%20of%20the%20application.%5Cn%5CnChanges%3A%5Cn-%20Changed%20zip%20command%20from%20%27zip%20-r%20deploy.zip%20deploy%27%20to%20%27zip%20-r%20..%2Fdeploy.zip%20.%27%5Cn-%20Now%20zipping%20from%20inside%20the%20deploy%20directory%20to%20get%20correct%20structure%5Cn%5CnBefore%20(incorrect)%3A%5Cn%20%20deploy.zip%2F%5Cn%20%20%20%20deploy%2F%5Cn%20%20%20%20%20%20dist%2F%5Cn%20%20%20%20%20%20package.json%5Cn%20%20%20%20%20%20node_modules%2F%5Cn%5CnAfter%20(correct)%3A%5Cn%20%20deploy.zip%2F%5Cn%20%20%20%20dist%2F%5Cn%20%20%20%20package.json%5Cn%20%20%20%20node_modules%2F%5Cn%5CnThis%20allows%20Azure%20Web%20App%20to%20properly%20detect%20the%20Node.js%20application%5Cnand%20start%20it%20using%20the%20%5C%22start%5C%22%20script%20from%20package.json.%5Cn%5CnFixes%20the%20404%20error%20on%20%2Fhealth%20endpoint%20by%20ensuring%20the%20application%5Cnactually%20starts%20instead%20of%20serving%20the%20default%20Azure%20welcome%20page.%5Cn%5Cn%F0%9F%A4%96%20Generated%20with%20%5BClaude%20Code%5D(https%3A%2F%2Fclaude.com%2Fclaude-code)%5Cn%5CnCo-Authored-By%3A%20Claude%20%3Cnoreply%40anthropic.com%3E%22%7D" X-Client-IP="64.236.134.49" X-Client-Port="43008" >
  <step title="ZipPushDeploy" date="2025-10-16T01:05:58.563" >
    <step title="ZipDeploy. Extract zip." date="2025-10-16T01:05:58.605" /><!-- duration: 4ms -->
    <step title="Starting PushDeployAsync" date="2025-10-16T01:05:58.616" /><!-- duration: 8ms -->
    <step title="Writing artifact to /tmp/zipdeploy/6f8edf18-f03c-463d-948e-45708ece6999.zip" date="2025-10-16T01:05:58.637" >
      <step title="Writing multipart request body to /tmp/zipdeploy/6f8edf18-f03c-463d-948e-45708ece6999.zip" date="2025-10-16T01:05:58.650" /><!-- duration: 7ms -->
    </step><!-- duration: 460ms -->
    <step title="Start deployment in the background" date="2025-10-16T01:05:59.114" >
      <step title="Acquiring Deployment Lock" date="2025-10-16T01:05:59.129" /><!-- duration: 4ms -->
      <step title="Acquired Deployment Lock" date="2025-10-16T01:05:59.161" /><!-- duration: 3ms -->
    </step><!-- duration: 221ms -->
  </step><!-- duration: 780ms -->
  <step title="Outgoing response" date="2025-10-16T01:05:59.347" type="response" statusCode="202" statusText="Accepted" /><!-- duration: 3ms -->
</step><!-- duration: 842ms -->
