<step title="Incoming Request" date="2025-10-16T01:07:56.730" instance="cb5eef" url="/api/deployments/latest?deployer=GITHUB_ZIP_DEPLOY&amp;time=2025-10-16_01-05-59Z" method="GET" type="request" pid="821,1,26" Host="api-miravista-timesheet.scm.azurewebsites.net" User-Agent="GITHUBACTIONS_DeployWebAppToAzure_5205176792b9ef4c1e63505bf009d21eeced612de5bf6ec1d71419dca72ba87f" Authorization="Bea..." Content-Type="application/json; charset=utf-8" Cookie="ARRAffinity=cb5eef86f0671d460c85f76729d7ee1bab40c68fdb93facb5032b33e34f853e1;Path=/;HttpOnly;Secure;Domain=api-miravista-timesheet.scm.azurewebsites.net; ARRAffinitySameSite=cb5eef86f0671d460c85f76729d7ee1bab40c68fdb93facb5032b33e34f853e1;Path=/;HttpOnly;SameSite=None;Secure;Domain=api-miravista-timesheet.scm.azurewebsites.net" Content-Length="0" X-ARR-LOG-ID="9eae49fd-fe8a-410e-a20f-e3ff61f892ae" CLIENT-IP="64.236.134.49:43009" X-SITE-DEPLOYMENT-ID="api-miravista-timesheet" WAS-DEFAULT-HOSTNAME="api-miravista-timesheet.scm.azurewebsites.net" X-Forwarded-Proto="https" X-AppService-Proto="https" X-Forwarded-TlsVersion="1.3" X-WAWS-Unencoded-URL="/api/deployments/latest?deployer=GITHUB_ZIP_DEPLOY&amp;time=2025-10-16_01-05-59Z" X-Client-IP="64.236.134.49" X-Client-Port="43009" >
  <step title="Cleanup Xml Logs" date="2025-10-16T01:07:56.737" >
    <step title="Cleanup Infos" date="2025-10-16T01:07:56.751" totalFiles="208" totalCleanup="48" /><!-- duration: 8ms -->
  </step><!-- duration: 29ms -->
  <step title="DeploymentService.GetResult" date="2025-10-16T01:07:56.787" >
    <step title="DeploymentService.GetLatestDeployment" date="2025-10-16T01:07:56.792" >
      <step title="DeploymentManager.GetResults" date="2025-10-16T01:07:56.800" /><!-- duration: 313ms -->
    </step><!-- duration: 327ms -->
  </step><!-- duration: 339ms -->
  <step title="Outgoing response" date="2025-10-16T01:07:57.132" type="response" statusCode="202" statusText="Accepted" /><!-- duration: 7ms -->
</step><!-- duration: 418ms -->
