<step title="Incoming Request" date="2025-10-16T00:50:57.309" instance="cb5eef" url="/api/zipdeploy?isAsync=true&amp;deployer=GITHUB_ZIP_DEPLOY&amp;message=%7B%22type%22%3A%22deployment%22%2C%22sha%22%3A%22007c17078c2cb1d98cb23eebec23c76a4e76936e%22%2C%22repoName%22%3A%22michaelloggins%2Ftimesheet-app%22%2C%22actor%22%3A%22michaelloggins%22%2C%22slotName%22%3A%22production%22%2C%22commitMessage%22%3A%22%22%7D" method="POST" type="request" pid="821,1,25" Host="api-miravista-timesheet.scm.azurewebsites.net" User-Agent="GITHUBACTIONS_DeployWebAppToAzure_5205176792b9ef4c1e63505bf009d21eeced612de5bf6ec1d71419dca72ba87f" Authorization="Bea..." Content-Type="application/octet-stream" Cookie="ARRAffinity=cb5eef86f0671d460c85f76729d7ee1bab40c68fdb93facb5032b33e34f853e1;Path=/;HttpOnly;Secure;Domain=api-miravista-timesheet.scm.azurewebsites.net; ARRAffinitySameSite=cb5eef86f0671d460c85f76729d7ee1bab40c68fdb93facb5032b33e34f853e1;Path=/;HttpOnly;SameSite=None;Secure;Domain=api-miravista-timesheet.scm.azurewebsites.net" Transfer-Encoding="chunked" X-ARR-LOG-ID="257ef140-9b46-49fb-9006-c63ceab21585" CLIENT-IP="20.172.6.67:43033" X-SITE-DEPLOYMENT-ID="api-miravista-timesheet" WAS-DEFAULT-HOSTNAME="api-miravista-timesheet.scm.azurewebsites.net" X-Forwarded-Proto="https" X-AppService-Proto="https" X-Forwarded-TlsVersion="1.3" X-WAWS-Unencoded-URL="/api/zipdeploy?isAsync=true&amp;deployer=GITHUB_ZIP_DEPLOY&amp;message=%7B%22type%22%3A%22deployment%22%2C%22sha%22%3A%22007c17078c2cb1d98cb23eebec23c76a4e76936e%22%2C%22repoName%22%3A%22michaelloggins%2Ftimesheet-app%22%2C%22actor%22%3A%22michaelloggins%22%2C%22slotName%22%3A%22production%22%2C%22commitMessage%22%3A%22%22%7D" X-Client-IP="20.172.6.67" X-Client-Port="43033" >
  <step title="ZipPushDeploy" date="2025-10-16T00:50:57.330" >
    <step title="ZipDeploy. Extract zip." date="2025-10-16T00:50:57.390" /><!-- duration: 30ms -->
    <step title="Starting PushDeployAsync" date="2025-10-16T00:50:57.464" /><!-- duration: 40ms -->
    <step title="Writing artifact to /tmp/zipdeploy/26d06741-e160-4a2f-ada4-4bdd952aea26.zip" date="2025-10-16T00:50:57.544" >
      <step title="Writing multipart request body to /tmp/zipdeploy/26d06741-e160-4a2f-ada4-4bdd952aea26.zip" date="2025-10-16T00:50:57.554" /><!-- duration: 39ms -->
    </step><!-- duration: 463ms -->
    <step title="Start deployment in the background" date="2025-10-16T00:50:58.033" >
      <step title="Acquiring Deployment Lock" date="2025-10-16T00:50:58.066" /><!-- duration: 6ms -->
      <step title="Cannot Acquire Deployment Lock already held" date="2025-10-16T00:50:58.084" /><!-- duration: 21ms -->
    </step><!-- duration: 174ms -->
    <step title="There is a deployment currently in progress. Please try again when it completes." date="2025-10-16T00:50:58.218" /><!-- duration: 20ms -->
  </step><!-- duration: 933ms -->
  <step title="Outgoing response" date="2025-10-16T00:50:58.295" type="response" statusCode="409" statusText="Conflict" /><!-- duration: 13ms -->
</step><!-- duration: 1022ms -->
