<step title="Incoming Request" date="2025-10-16T00:54:39.420" instance="cb5eef" url="/api/zipdeploy?isAsync=true&amp;deployer=GITHUB_ZIP_DEPLOY&amp;message=%7B%22type%22%3A%22deployment%22%2C%22sha%22%3A%22dbf3ce35748cda742a6848d44baf451673b5df18%22%2C%22repoName%22%3A%22michaelloggins%2Ftimesheet-app%22%2C%22actor%22%3A%22michaelloggins%22%2C%22slotName%22%3A%22production%22%2C%22commitMessage%22%3A%22%22%7D" method="POST" type="request" pid="821,1,5" Host="api-miravista-timesheet.scm.azurewebsites.net" User-Agent="GITHUBACTIONS_DeployWebAppToAzure_5205176792b9ef4c1e63505bf009d21eeced612de5bf6ec1d71419dca72ba87f" Authorization="Bea..." Content-Type="application/octet-stream" Cookie="ARRAffinity=cb5eef86f0671d460c85f76729d7ee1bab40c68fdb93facb5032b33e34f853e1;Path=/;HttpOnly;Secure;Domain=api-miravista-timesheet.scm.azurewebsites.net; ARRAffinitySameSite=cb5eef86f0671d460c85f76729d7ee1bab40c68fdb93facb5032b33e34f853e1;Path=/;HttpOnly;SameSite=None;Secure;Domain=api-miravista-timesheet.scm.azurewebsites.net" Transfer-Encoding="chunked" X-ARR-LOG-ID="071d2ae4-93d5-47d0-890b-2f7ff71a1319" CLIENT-IP="20.81.159.38:13360" X-SITE-DEPLOYMENT-ID="api-miravista-timesheet" WAS-DEFAULT-HOSTNAME="api-miravista-timesheet.scm.azurewebsites.net" X-Forwarded-Proto="https" X-AppService-Proto="https" X-Forwarded-TlsVersion="1.3" X-WAWS-Unencoded-URL="/api/zipdeploy?isAsync=true&amp;deployer=GITHUB_ZIP_DEPLOY&amp;message=%7B%22type%22%3A%22deployment%22%2C%22sha%22%3A%22dbf3ce35748cda742a6848d44baf451673b5df18%22%2C%22repoName%22%3A%22michaelloggins%2Ftimesheet-app%22%2C%22actor%22%3A%22michaelloggins%22%2C%22slotName%22%3A%22production%22%2C%22commitMessage%22%3A%22%22%7D" X-Client-IP="20.81.159.38" X-Client-Port="13360" >
  <step title="ZipPushDeploy" date="2025-10-16T00:54:39.478" >
    <step title="ZipDeploy. Extract zip." date="2025-10-16T00:54:39.494" /><!-- duration: 4ms -->
    <step title="None repository commit" date="2025-10-16T00:54:39.506" >
      <step title="Commit id: 5d8bd959-8a12-4c20-853d-180b7823de14" date="2025-10-16T00:54:39.509" Message="N/A" AuthorName="N/A" AuthorEmail="N/A" /><!-- duration: 3ms -->
    </step><!-- duration: 10ms -->
    <step title="Starting PushDeployAsync" date="2025-10-16T00:54:39.520" /><!-- duration: 10ms -->
    <step title="Writing artifact to /tmp/zipdeploy/b3decc88-f9ae-4bec-abb1-5725e1d5e13e.zip" date="2025-10-16T00:54:39.919" >
      <step title="Writing multipart request body to /tmp/zipdeploy/b3decc88-f9ae-4bec-abb1-5725e1d5e13e.zip" date="2025-10-16T00:54:39.930" /><!-- duration: 19ms -->
    </step><!-- duration: 1528ms -->
    <step title="Start deployment in the background" date="2025-10-16T00:54:41.548" >
      <step title="Acquiring Deployment Lock" date="2025-10-16T00:54:41.600" /><!-- duration: 10ms -->
      <step title="Acquired Deployment Lock" date="2025-10-16T00:54:41.809" /><!-- duration: 27ms -->
    </step><!-- duration: 665ms -->
  </step><!-- duration: 2756ms -->
  <step title="Outgoing response" date="2025-10-16T00:54:42.250" type="response" statusCode="202" statusText="Accepted" /><!-- duration: 4ms -->
</step><!-- duration: 2838ms -->
