<step title="Incoming Request" date="2025-10-16T00:50:46.423" instance="cb5eef" url="/api/zipdeploy?isAsync=true&amp;deployer=GITHUB_ZIP_DEPLOY&amp;message=%7B%22type%22%3A%22deployment%22%2C%22sha%22%3A%22007c17078c2cb1d98cb23eebec23c76a4e76936e%22%2C%22repoName%22%3A%22michaelloggins%2Ftimesheet-app%22%2C%22actor%22%3A%22michaelloggins%22%2C%22slotName%22%3A%22production%22%2C%22commitMessage%22%3A%22%22%7D" method="POST" type="request" pid="821,1,23" Host="api-miravista-timesheet.scm.azurewebsites.net" User-Agent="GITHUBACTIONS_DeployWebAppToAzure_5205176792b9ef4c1e63505bf009d21eeced612de5bf6ec1d71419dca72ba87f" Authorization="Bea..." Content-Type="application/octet-stream" Cookie="ARRAffinity=cb5eef86f0671d460c85f76729d7ee1bab40c68fdb93facb5032b33e34f853e1;Path=/;HttpOnly;Secure;Domain=api-miravista-timesheet.scm.azurewebsites.net; ARRAffinitySameSite=cb5eef86f0671d460c85f76729d7ee1bab40c68fdb93facb5032b33e34f853e1;Path=/;HttpOnly;SameSite=None;Secure;Domain=api-miravista-timesheet.scm.azurewebsites.net" Transfer-Encoding="chunked" X-ARR-LOG-ID="850723df-b3af-4620-9486-1799d23e3846" CLIENT-IP="20.172.6.67:43032" X-SITE-DEPLOYMENT-ID="api-miravista-timesheet" WAS-DEFAULT-HOSTNAME="api-miravista-timesheet.scm.azurewebsites.net" X-Forwarded-Proto="https" X-AppService-Proto="https" X-Forwarded-TlsVersion="1.3" X-WAWS-Unencoded-URL="/api/zipdeploy?isAsync=true&amp;deployer=GITHUB_ZIP_DEPLOY&amp;message=%7B%22type%22%3A%22deployment%22%2C%22sha%22%3A%22007c17078c2cb1d98cb23eebec23c76a4e76936e%22%2C%22repoName%22%3A%22michaelloggins%2Ftimesheet-app%22%2C%22actor%22%3A%22michaelloggins%22%2C%22slotName%22%3A%22production%22%2C%22commitMessage%22%3A%22%22%7D" X-Client-IP="20.172.6.67" X-Client-Port="43032" >
  <step title="ZipPushDeploy" date="2025-10-16T00:50:46.450" >
    <step title="ZipDeploy. Extract zip." date="2025-10-16T00:50:46.480" /><!-- duration: 12ms -->
    <step title="Starting PushDeployAsync" date="2025-10-16T00:50:46.527" /><!-- duration: 38ms -->
    <step title="Writing artifact to /tmp/zipdeploy/266a1c4a-2b57-473c-873a-96ffb6aaea3f.zip" date="2025-10-16T00:50:46.622" >
      <step title="Writing multipart request body to /tmp/zipdeploy/266a1c4a-2b57-473c-873a-96ffb6aaea3f.zip" date="2025-10-16T00:50:46.678" /><!-- duration: 24ms -->
    </step><!-- duration: 648ms -->
    <step title="Start deployment in the background" date="2025-10-16T00:50:47.312" >
      <step title="Acquiring Deployment Lock" date="2025-10-16T00:50:47.393" /><!-- duration: 11ms -->
      <step title="Cannot Acquire Deployment Lock already held" date="2025-10-16T00:50:47.446" /><!-- duration: 20ms -->
    </step><!-- duration: 283ms -->
    <step title="There is a deployment currently in progress. Please try again when it completes." date="2025-10-16T00:50:47.619" /><!-- duration: 45ms -->
  </step><!-- duration: 1231ms -->
  <step title="Outgoing response" date="2025-10-16T00:50:47.689" type="response" statusCode="409" statusText="Conflict" /><!-- duration: 8ms -->
</step><!-- duration: 1293ms -->
