<step title="Incoming Request" date="2025-10-16T00:44:38.029" instance="cb5eef" url="/api/zipdeploy?isAsync=true&amp;deployer=GITHUB_ZIP_DEPLOY&amp;message=%7B%22type%22%3A%22deployment%22%2C%22sha%22%3A%22007c17078c2cb1d98cb23eebec23c76a4e76936e%22%2C%22repoName%22%3A%22michaelloggins%2Ftimesheet-app%22%2C%22actor%22%3A%22michaelloggins%22%2C%22slotName%22%3A%22production%22%2C%22commitMessage%22%3A%22Fix%20Azure%20resource%20names%20in%20GitHub%20Actions%20workflows%5Cn%5CnUpdated%20workflow%20environment%20variables%20to%20match%20actual%20deployed%20Azure%20resources%3A%5Cn-%20Backend%20API%3A%20api-MVD-TimeSheet-timesheet%20%E2%86%92%20api-miravista-timesheet%5Cn-%20Functions%20App%3A%20func-MVD-TimeSheet-jobs%20%E2%86%92%20func-miravista-jobs%5Cn%5CnThese%20names%20were%20simplified%20during%20infrastructure%20deployment%20to%20remove%5Cnthe%20duplicate%20%5C%22Timesheet%5C%22%20naming%2C%20but%20the%20workflows%20were%20not%20updated.%5Cn%5CnThis%20fixes%20the%20deployment%20error%3A%20%5C%22Resource%20api-MVD-TimeSheet-timesheet%5Cnof%20type%20Microsoft.Web%2FSites%20doesn%27t%20exist.%5C%22%5Cn%5Cn%F0%9F%A4%96%20Generated%20with%20%5BClaude%20Code%5D(https%3A%2F%2Fclaude.com%2Fclaude-code)%5Cn%5CnCo-Authored-By%3A%20Claude%20%3Cnoreply%40anthropic.com%3E%22%7D" method="POST" type="request" pid="821,1,15" Host="api-miravista-timesheet.scm.azurewebsites.net" User-Agent="GITHUBACTIONS_DeployWebAppToAzure_5205176792b9ef4c1e63505bf009d21eeced612de5bf6ec1d71419dca72ba87f" Authorization="Bea..." Content-Type="application/octet-stream" Cookie="ARRAffinity=cb5eef86f0671d460c85f76729d7ee1bab40c68fdb93facb5032b33e34f853e1;Path=/;HttpOnly;Secure;Domain=api-miravista-timesheet.scm.azurewebsites.net; ARRAffinitySameSite=cb5eef86f0671d460c85f76729d7ee1bab40c68fdb93facb5032b33e34f853e1;Path=/;HttpOnly;SameSite=None;Secure;Domain=api-miravista-timesheet.scm.azurewebsites.net" Transfer-Encoding="chunked" X-ARR-LOG-ID="7cb5ef14-6a4e-4f51-8f5d-800514e16d89" CLIENT-IP="48.214.53.86:27584" X-SITE-DEPLOYMENT-ID="api-miravista-timesheet" WAS-DEFAULT-HOSTNAME="api-miravista-timesheet.scm.azurewebsites.net" X-Forwarded-Proto="https" X-AppService-Proto="https" X-Forwarded-TlsVersion="1.3" X-WAWS-Unencoded-URL="/api/zipdeploy?isAsync=true&amp;deployer=GITHUB_ZIP_DEPLOY&amp;message=%7B%22type%22%3A%22deployment%22%2C%22sha%22%3A%22007c17078c2cb1d98cb23eebec23c76a4e76936e%22%2C%22repoName%22%3A%22michaelloggins%2Ftimesheet-app%22%2C%22actor%22%3A%22michaelloggins%22%2C%22slotName%22%3A%22production%22%2C%22commitMessage%22%3A%22Fix%20Azure%20resource%20names%20in%20GitHub%20Actions%20workflows%5Cn%5CnUpdated%20workflow%20environment%20variables%20to%20match%20actual%20deployed%20Azure%20resources%3A%5Cn-%20Backend%20API%3A%20api-MVD-TimeSheet-timesheet%20%E2%86%92%20api-miravista-timesheet%5Cn-%20Functions%20App%3A%20func-MVD-TimeSheet-jobs%20%E2%86%92%20func-miravista-jobs%5Cn%5CnThese%20names%20were%20simplified%20during%20infrastructure%20deployment%20to%20remove%5Cnthe%20duplicate%20%5C%22Timesheet%5C%22%20naming%2C%20but%20the%20workflows%20were%20not%20updated.%5Cn%5CnThis%20fixes%20the%20deployment%20error%3A%20%5C%22Resource%20api-MVD-TimeSheet-timesheet%5Cnof%20type%20Microsoft.Web%2FSites%20doesn%27t%20exist.%5C%22%5Cn%5Cn%F0%9F%A4%96%20Generated%20with%20%5BClaude%20Code%5D(https%3A%2F%2Fclaude.com%2Fclaude-code)%5Cn%5CnCo-Authored-By%3A%20Claude%20%3Cnoreply%40anthropic.com%3E%22%7D" X-Client-IP="48.214.53.86" X-Client-Port="27584" >
  <step title="ZipPushDeploy" date="2025-10-16T00:44:38.134" >
    <step title="ZipDeploy. Extract zip." date="2025-10-16T00:44:38.153" /><!-- duration: 19ms -->
    <step title="None repository commit" date="2025-10-16T00:44:38.183" >
      <step title="Commit id: d5a14145-3911-4032-b616-ff458bae76a8" date="2025-10-16T00:44:38.203" Message="N/A" AuthorName="N/A" AuthorEmail="N/A" /><!-- duration: 11ms -->
    </step><!-- duration: 61ms -->
    <step title="Starting PushDeployAsync" date="2025-10-16T00:44:38.254" /><!-- duration: 10ms -->
    <step title="Writing artifact to /tmp/zipdeploy/29237483-9248-4d44-89ba-aa87b5ea4c47.zip" date="2025-10-16T00:44:38.285" >
      <step title="Writing multipart request body to /tmp/zipdeploy/29237483-9248-4d44-89ba-aa87b5ea4c47.zip" date="2025-10-16T00:44:38.289" /><!-- duration: 17ms -->
    </step><!-- duration: 693ms -->
    <step title="Start deployment in the background" date="2025-10-16T00:44:38.998" >
      <step title="Acquiring Deployment Lock" date="2025-10-16T00:44:39.010" /><!-- duration: 4ms -->
      <step title="Acquired Deployment Lock" date="2025-10-16T00:44:39.068" /><!-- duration: 20ms -->
    </step><!-- duration: 213ms -->
  </step><!-- duration: 1083ms -->
  <step title="Outgoing response" date="2025-10-16T00:44:39.234" type="response" statusCode="202" statusText="Accepted" /><!-- duration: 3ms -->
</step><!-- duration: 1212ms -->
