<step title="Incoming Request" date="2025-10-16T01:08:59.546" instance="cb5eef" url="/api/deployments/latest?deployer=GITHUB_ZIP_DEPLOY&amp;time=2025-10-16_01-05-59Z" method="GET" type="request" pid="821,1,32" Host="api-miravista-timesheet.scm.azurewebsites.net" User-Agent="GITHUBACTIONS_DeployWebAppToAzure_5205176792b9ef4c1e63505bf009d21eeced612de5bf6ec1d71419dca72ba87f" Authorization="Bea..." Content-Type="application/json; charset=utf-8" Cookie="ARRAffinity=cb5eef86f0671d460c85f76729d7ee1bab40c68fdb93facb5032b33e34f853e1;Path=/;HttpOnly;Secure;Domain=api-miravista-timesheet.scm.azurewebsites.net; ARRAffinitySameSite=cb5eef86f0671d460c85f76729d7ee1bab40c68fdb93facb5032b33e34f853e1;Path=/;HttpOnly;SameSite=None;Secure;Domain=api-miravista-timesheet.scm.azurewebsites.net" Content-Length="0" X-ARR-LOG-ID="38083b27-2082-4d5f-9104-f10791e27f66" CLIENT-IP="64.236.134.49:43010" X-SITE-DEPLOYMENT-ID="api-miravista-timesheet" WAS-DEFAULT-HOSTNAME="api-miravista-timesheet.scm.azurewebsites.net" X-Forwarded-Proto="https" X-AppService-Proto="https" X-Forwarded-TlsVersion="1.3" X-WAWS-Unencoded-URL="/api/deployments/latest?deployer=GITHUB_ZIP_DEPLOY&amp;time=2025-10-16_01-05-59Z" X-Client-IP="64.236.134.49" X-Client-Port="43010" >
  <step title="Cleanup Xml Logs" date="2025-10-16T01:08:59.552" >
    <step title="Cleanup Infos" date="2025-10-16T01:08:59.569" totalFiles="216" totalCleanup="56" /><!-- duration: 8ms -->
  </step><!-- duration: 32ms -->
  <step title="DeploymentService.GetResult" date="2025-10-16T01:08:59.598" >
    <step title="DeploymentService.GetLatestDeployment" date="2025-10-16T01:08:59.605" >
      <step title="DeploymentManager.GetResults" date="2025-10-16T01:08:59.612" /><!-- duration: 322ms -->
    </step><!-- duration: 335ms -->
  </step><!-- duration: 348ms -->
  <step title="Outgoing response" date="2025-10-16T01:08:59.953" type="response" statusCode="202" statusText="Accepted" /><!-- duration: 6ms -->
</step><!-- duration: 420ms -->
