<step title="Incoming Request" date="2025-10-16T00:51:44.142" instance="cb5eef" url="/api/zipdeploy?isAsync=true&amp;deployer=GITHUB_ZIP_DEPLOY&amp;message=%7B%22type%22%3A%22deployment%22%2C%22sha%22%3A%22007c17078c2cb1d98cb23eebec23c76a4e76936e%22%2C%22repoName%22%3A%22michaelloggins%2Ftimesheet-app%22%2C%22actor%22%3A%22michaelloggins%22%2C%22slotName%22%3A%22production%22%2C%22commitMessage%22%3A%22%22%7D" method="POST" type="request" pid="821,1,28" Host="api-miravista-timesheet.scm.azurewebsites.net" User-Agent="GITHUBACTIONS_DeployWebAppToAzure_5205176792b9ef4c1e63505bf009d21eeced612de5bf6ec1d71419dca72ba87f" Authorization="Bea..." Content-Type="application/octet-stream" Cookie="ARRAffinity=cb5eef86f0671d460c85f76729d7ee1bab40c68fdb93facb5032b33e34f853e1;Path=/;HttpOnly;Secure;Domain=api-miravista-timesheet.scm.azurewebsites.net; ARRAffinitySameSite=cb5eef86f0671d460c85f76729d7ee1bab40c68fdb93facb5032b33e34f853e1;Path=/;HttpOnly;SameSite=None;Secure;Domain=api-miravista-timesheet.scm.azurewebsites.net" Transfer-Encoding="chunked" X-ARR-LOG-ID="2f8720d8-87cc-4d80-9628-3eac6264cfff" CLIENT-IP="20.172.6.67:43032" X-SITE-DEPLOYMENT-ID="api-miravista-timesheet" WAS-DEFAULT-HOSTNAME="api-miravista-timesheet.scm.azurewebsites.net" X-Forwarded-Proto="https" X-AppService-Proto="https" X-Forwarded-TlsVersion="1.3" X-WAWS-Unencoded-URL="/api/zipdeploy?isAsync=true&amp;deployer=GITHUB_ZIP_DEPLOY&amp;message=%7B%22type%22%3A%22deployment%22%2C%22sha%22%3A%22007c17078c2cb1d98cb23eebec23c76a4e76936e%22%2C%22repoName%22%3A%22michaelloggins%2Ftimesheet-app%22%2C%22actor%22%3A%22michaelloggins%22%2C%22slotName%22%3A%22production%22%2C%22commitMessage%22%3A%22%22%7D" X-Client-IP="20.172.6.67" X-Client-Port="43032" >
  <step title="ZipPushDeploy" date="2025-10-16T00:51:44.172" >
    <step title="ZipDeploy. Extract zip." date="2025-10-16T00:51:44.218" /><!-- duration: 8ms -->
    <step title="Starting PushDeployAsync" date="2025-10-16T00:51:44.268" /><!-- duration: 7ms -->
    <step title="Writing artifact to /tmp/zipdeploy/fc15c1bc-940a-4b9f-9009-3827934213d0.zip" date="2025-10-16T00:51:44.306" >
      <step title="Writing multipart request body to /tmp/zipdeploy/fc15c1bc-940a-4b9f-9009-3827934213d0.zip" date="2025-10-16T00:51:44.318" /><!-- duration: 19ms -->
    </step><!-- duration: 533ms -->
    <step title="Start deployment in the background" date="2025-10-16T00:51:44.888" >
      <step title="Acquiring Deployment Lock" date="2025-10-16T00:51:44.969" /><!-- duration: 21ms -->
      <step title="Cannot Acquire Deployment Lock already held" date="2025-10-16T00:51:45.035" /><!-- duration: 8ms -->
    </step><!-- duration: 255ms -->
    <step title="There is a deployment currently in progress. Please try again when it completes." date="2025-10-16T00:51:45.189" /><!-- duration: 19ms -->
  </step><!-- duration: 1050ms -->
  <step title="Outgoing response" date="2025-10-16T00:51:45.242" type="response" statusCode="409" statusText="Conflict" /><!-- duration: 6ms -->
</step><!-- duration: 1137ms -->
