<step title="BackgroundTrace" date="2025-10-16T00:54:41.566" instance="cb5eef" url="/api/zipdeploy" method="POST" >
  <step title="Creating temporary deployment - FetchDeploymentManager" date="2025-10-16T00:54:41.860" /><!-- duration: 40ms -->
  <step title="Creating temporary deployment" date="2025-10-16T00:54:41.947" /><!-- duration: 247ms -->
  <step title="Performing fetch based deployment" date="2025-10-16T00:54:42.273" >
    <step title="Cleaning up temp folders from previous zip deployments and extracting pushed zip file /tmp/zipdeploy/b3decc88-f9ae-4bec-abb1-5725e1d5e13e.zip (30.31 MB) to /tmp/zipdeploy/extracted" date="2025-10-16T00:54:43.452" >
      <step title="ChmodRecursive Process exited with total time taken in ms: 562" date="2025-10-16T00:55:20.291" /><!-- duration: 5ms -->
    </step><!-- duration: 36849ms -->
    <step title="Deployment timer started" date="2025-10-16T00:55:22.315" >
      <step title="DeploymentManager.Deploy(id:5d8bd959-8a12-4c20-853d-180b7823de14)" date="2025-10-16T00:55:22.322" >
        <step title="Collecting changeset information" date="2025-10-16T00:55:22.370" /><!-- duration: 162ms -->
        <step title="Updating submodules" date="2025-10-16T00:55:22.540" /><!-- duration: 1113ms -->
        <step title="Determining deployment builder" date="2025-10-16T00:55:23.927" >
          <step title="Builder is BasicBuilder" date="2025-10-16T00:55:23.947" /><!-- duration: 4ms -->
        </step><!-- duration: 30ms -->
        <step title="PreDeployment: context.CleanOutputPath False" date="2025-10-16T00:55:24.023" >
          <step title="PreDeployment: context.OutputPath /home/site/wwwroot" date="2025-10-16T00:55:24.130" >
            <step title="Building" date="2025-10-16T00:55:24.313" >
              <step title="Executing external process" date="2025-10-16T00:55:24.660" type="process" path="starter.sh" arguments="/opt/Kudu/Scripts/parallel_rsync.sh /tmp/zipdeploy/extracted /home/site/wwwroot 8 /tmp/ False True  " >
                <step title="Cpu: rsync(908,0.240s)+rsync(887,0.250s)+rsync(884,1.040s)+bash(881,0.000s)+rsync(907,0.280s)+rsync(895,0.180s)+rsync(891,0.870s)+bash(882,0.000s)+rsync(909,0.200s)+rsync(890,0.240s)+rsync(888,1.100s)+bash(883,0.000s)+rsync(913,0.240s)+rsync(900,0.210s)+rsync(892,1.350s)+bash(885,0.000s)+rsync(910,0.250s)+rsync(899,0.230s)+rsync(894,1.130s)+bash(886,0.000s)+rsync(911,0.200s)+rsync(904,0.170s)+rsync(897,0.950s)+bash(889,0.000s)+rsync(912,0.260s)+rsync(902,0.230s)+rsync(898,1.140s)+bash(893,0.000s)+rsync(906,0.320s)+rsync(903,0.210s)+rsync(901,0.840s)+bash(896,0.000s)+xargs(880,0.000s)+parallel_rsync.sh(872,0.010s)=total(12.140s)" date="2025-10-16T00:56:27.056" /><!-- duration: 83ms -->
                <step title="starter.sh: no io activity for 61s, prev-cpu=-1.000s, current-cpu=12.140s" date="2025-10-16T00:56:27.178" /><!-- duration: 21ms -->
                <step title="Cpu: rsync(908,0.510s)+rsync(887,0.300s)+rsync(884,1.060s)+bash(881,0.000s)+rsync(907,0.500s)+rsync(895,0.200s)+rsync(891,0.940s)+bash(882,0.000s)+rsync(909,0.490s)+rsync(890,0.270s)+rsync(888,1.170s)+bash(883,0.000s)+rsync(913,0.510s)+rsync(900,0.260s)+rsync(892,1.410s)+bash(885,0.000s)+rsync(910,0.540s)+rsync(899,0.260s)+rsync(894,1.160s)+bash(886,0.000s)+rsync(911,0.470s)+rsync(904,0.190s)+rsync(897,0.970s)+bash(889,0.000s)+rsync(912,0.560s)+rsync(902,0.290s)+rsync(898,1.240s)+bash(893,0.000s)+rsync(906,0.540s)+rsync(903,0.220s)+rsync(901,0.890s)+bash(896,0.000s)+xargs(880,0.000s)+parallel_rsync.sh(872,0.010s)=total(14.960s)" date="2025-10-16T00:57:27.333" /><!-- duration: 19ms -->
                <step title="starter.sh: no io activity for 121s, prev-cpu=12.140s, current-cpu=14.960s" date="2025-10-16T00:57:27.373" /><!-- duration: 31ms -->
                <step title="Cpu: rsync(908,0.760s)+rsync(887,0.300s)+rsync(884,1.120s)+bash(881,0.000s)+rsync(907,0.720s)+rsync(895,0.200s)+rsync(891,0.960s)+bash(882,0.000s)+rsync(909,0.770s)+rsync(890,0.270s)+rsync(888,1.230s)+bash(883,0.000s)+rsync(913,0.780s)+rsync(900,0.260s)+rsync(892,1.450s)+bash(885,0.000s)+rsync(910,0.810s)+rsync(899,0.260s)+rsync(894,1.210s)+bash(886,0.000s)+rsync(911,0.760s)+rsync(904,0.190s)+rsync(897,1.010s)+bash(889,0.000s)+rsync(912,0.890s)+rsync(902,0.290s)+rsync(898,1.370s)+bash(893,0.000s)+rsync(906,0.750s)+rsync(903,0.220s)+rsync(901,0.940s)+bash(896,0.000s)+xargs(880,0.000s)+parallel_rsync.sh(872,0.010s)=total(17.520s)" date="2025-10-16T00:58:27.496" /><!-- duration: 21ms -->
                <step title="starter.sh: no io activity for 182s, prev-cpu=14.960s, current-cpu=17.520s" date="2025-10-16T00:58:27.520" /><!-- duration: 9ms -->
                <step title="Cpu: rsync(908,1.030s)+rsync(887,0.300s)+rsync(884,1.130s)+bash(881,0.000s)+rsync(907,0.950s)+rsync(895,0.200s)+rsync(891,1.010s)+bash(882,0.000s)+rsync(909,1.040s)+rsync(890,0.270s)+rsync(888,1.280s)+bash(883,0.000s)+rsync(913,1.100s)+rsync(900,0.260s)+rsync(892,1.580s)+bash(885,0.000s)+rsync(910,1.090s)+rsync(899,0.260s)+rsync(894,1.230s)+bash(886,0.000s)+rsync(911,1.000s)+rsync(904,0.190s)+rsync(897,1.040s)+bash(889,0.000s)+rsync(912,1.160s)+rsync(902,0.290s)+rsync(898,1.410s)+bash(893,0.000s)+rsync(906,0.970s)+rsync(903,0.220s)+rsync(901,0.980s)+bash(896,0.000s)+xargs(880,0.000s)+parallel_rsync.sh(872,0.010s)=total(20.000s)" date="2025-10-16T00:59:27.592" /><!-- duration: 19ms -->
                <step title="starter.sh: no io activity for 242s, prev-cpu=17.520s, current-cpu=20.000s" date="2025-10-16T00:59:27.618" /><!-- duration: 24ms -->
                <step title="Cpu: rsync(908,1.300s)+rsync(887,0.300s)+rsync(884,1.210s)+bash(881,0.000s)+rsync(907,1.220s)+rsync(895,0.200s)+rsync(891,1.080s)+bash(882,0.000s)+rsync(909,1.260s)+rsync(890,0.270s)+rsync(888,1.280s)+bash(883,0.000s)+rsync(913,1.390s)+rsync(900,0.260s)+rsync(892,1.600s)+bash(885,0.000s)+rsync(910,1.430s)+rsync(899,0.260s)+rsync(894,1.270s)+bash(886,0.000s)+rsync(911,1.260s)+rsync(904,0.190s)+rsync(897,1.090s)+bash(889,0.000s)+rsync(912,1.460s)+rsync(902,0.290s)+rsync(898,1.570s)+bash(893,0.000s)+rsync(906,1.300s)+rsync(903,0.220s)+rsync(901,1.050s)+bash(896,0.000s)+xargs(880,0.000s)+parallel_rsync.sh(872,0.010s)=total(22.770s)" date="2025-10-16T01:00:27.715" /><!-- duration: 18ms -->
                <step title="starter.sh: no io activity for 302s, prev-cpu=20.000s, current-cpu=22.770s" date="2025-10-16T01:00:27.743" /><!-- duration: 10ms -->
              </step><!-- duration: 372645ms -->
              <step title="Triggering recycle (preview mode disabled)." date="2025-10-16T01:01:37.547" /><!-- duration: 5ms -->
              <step title="Modified file to trigger a restart of the app container." date="2025-10-16T01:01:37.577" /><!-- duration: 4ms -->
              <step title="Skip function trigger and logicapp sync because function is not enabled." date="2025-10-16T01:01:37.589" /><!-- duration: 10ms -->
            </step><!-- duration: 373966ms -->
          </step><!-- duration: 374153ms -->
          <step title="Cleaning up temp files" date="2025-10-16T01:01:38.287" /><!-- duration: 7ms -->
          <step title="Cleaning up temp files" date="2025-10-16T01:01:38.302" /><!-- duration: 531ms -->
          <step title="Reloading status file with latest updates" date="2025-10-16T01:01:39.166" >
            <step title="WebHooksManager.PublishEventAsync: PostDeployment" date="2025-10-16T01:01:39.172" /><!-- duration: 97ms -->
          </step><!-- duration: 108ms -->
          <step title="Cleaning up temporary deployment - fetch deployment was successful" date="2025-10-16T01:01:39.284" /><!-- duration: 3ms -->
        </step><!-- duration: 375312ms -->
      </step><!-- duration: 377027ms -->
