<step title="Incoming Request" date="2025-10-16T01:24:47.175" instance="cb5eef" url="/api/zipdeploy?isAsync=true&amp;deployer=GITHUB_ZIP_DEPLOY&amp;message=%7B%22type%22%3A%22deployment%22%2C%22sha%22%3A%2261178e9440cf3140fa831a2c81561b4d796beeea%22%2C%22repoName%22%3A%22michaelloggins%2Ftimesheet-app%22%2C%22actor%22%3A%22michaelloggins%22%2C%22slotName%22%3A%22production%22%2C%22commitMessage%22%3A%22Remove%20explicit%20types%20array%20from%20tsconfig%20to%20fix%20production%20build%5Cn%5CnRemoved%20the%20%5C%22types%5C%22%3A%20%5B%5C%22node%5C%22%2C%20%5C%22jest%5C%22%5D%20array%20from%20tsconfig.json%20which%5Cnwas%20causing%20build%20failures%20in%20CI%2FCD%20when%20running%20after%20npm%20ci%20--production.%5Cn%5CnThe%20Issue%3A%5Cn-%20When%20%5C%22types%5C%22%20array%20is%20specified%2C%20TypeScript%20only%20includes%20those%20specific%5Cn%20%20type%20packages%5Cn-%20In%20production%20builds%2C%20npm%20ci%20--production%20doesn%27t%20install%20devDependencies%5Cn%20%20like%20%40types%2Fjest%20and%20%40types%2Fnode%5Cn-%20This%20caused%3A%20%5C%22Cannot%20find%20type%20definition%20file%20for%20%27jest%27%5C%22%20and%20similar%20errors%5Cn%5CnThe%20Fix%3A%5Cn-%20Removed%20explicit%20%5C%22types%5C%22%20array%2C%20letting%20TypeScript%20auto-discover%20all%5Cn%20%20available%20%40types%20packages%5Cn-%20Kept%20%5C%22typeRoots%5C%22%20to%20include%20custom%20type%20declarations%20in%20src%2Ftypes%5Cn-%20Source%20code%20doesn%27t%20actually%20import%20jest%20types%2C%20so%20they%27re%20not%20needed%5Cn%5CnResult%3A%5Cn-%20Local%20development%20(npm%20run%20dev)%20works%3A%20%E2%9C%85%5Cn-%20Production%20build%20(npm%20run%20build)%20works%3A%20%E2%9C%85%5Cn-%20Custom%20passport-azure-ad%20types%20found%3A%20%E2%9C%85%5Cn-%20No%20dependency%20on%20jest%20types%20in%20final%20build%3A%20%E2%9C%85%5Cn%5Cn%F0%9F%A4%96%20Generated%20with%20%5BClaude%20Code%5D(https%3A%2F%2Fclaude.com%2Fclaude-%22%7D" method="POST" type="request" pid="821,1,46" Host="api-miravista-timesheet.scm.azurewebsites.net" User-Agent="GITHUBACTIONS_DeployWebAppToAzure_5205176792b9ef4c1e63505bf009d21eeced612de5bf6ec1d71419dca72ba87f" Authorization="Bea..." Content-Type="application/octet-stream" Cookie="ARRAffinity=cb5eef86f0671d460c85f76729d7ee1bab40c68fdb93facb5032b33e34f853e1;Path=/;HttpOnly;Secure;Domain=api-miravista-timesheet.scm.azurewebsites.net; ARRAffinitySameSite=cb5eef86f0671d460c85f76729d7ee1bab40c68fdb93facb5032b33e34f853e1;Path=/;HttpOnly;SameSite=None;Secure;Domain=api-miravista-timesheet.scm.azurewebsites.net" Transfer-Encoding="chunked" X-ARR-LOG-ID="70176fdf-7a96-4568-a6d7-199dbc64ca26" CLIENT-IP="64.236.200.120:1072" X-SITE-DEPLOYMENT-ID="api-miravista-timesheet" WAS-DEFAULT-HOSTNAME="api-miravista-timesheet.scm.azurewebsites.net" X-Forwarded-Proto="https" X-AppService-Proto="https" X-Forwarded-TlsVersion="1.3" X-WAWS-Unencoded-URL="/api/zipdeploy?isAsync=true&amp;deployer=GITHUB_ZIP_DEPLOY&amp;message=%7B%22type%22%3A%22deployment%22%2C%22sha%22%3A%2261178e9440cf3140fa831a2c81561b4d796beeea%22%2C%22repoName%22%3A%22michaelloggins%2Ftimesheet-app%22%2C%22actor%22%3A%22michaelloggins%22%2C%22slotName%22%3A%22production%22%2C%22commitMessage%22%3A%22Remove%20explicit%20types%20array%20from%20tsconfig%20to%20fix%20production%20build%5Cn%5CnRemoved%20the%20%5C%22types%5C%22%3A%20%5B%5C%22node%5C%22%2C%20%5C%22jest%5C%22%5D%20array%20from%20tsconfig.json%20which%5Cnwas%20causing%20build%20failures%20in%20CI%2FCD%20when%20running%20after%20npm%20ci%20--production.%5Cn%5CnThe%20Issue%3A%5Cn-%20When%20%5C%22types%5C%22%20array%20is%20specified%2C%20TypeScript%20only%20includes%20those%20specific%5Cn%20%20type%20packages%5Cn-%20In%20production%20builds%2C%20npm%20ci%20--production%20doesn%27t%20install%20devDependencies%5Cn%20%20like%20%40types%2Fjest%20and%20%40types%2Fnode%5Cn-%20This%20caused%3A%20%5C%22Cannot%20find%20type%20definition%20file%20for%20%27jest%27%5C%22%20and%20similar%20errors%5Cn%5CnThe%20Fix%3A%5Cn-%20Removed%20explicit%20%5C%22types%5C%22%20array%2C%20letting%20TypeScript%20auto-discover%20all%5Cn%20%20available%20%40types%20packages%5Cn-%20Kept%20%5C%22typeRoots%5C%22%20to%20include%20custom%20type%20declarations%20in%20src%2Ftypes%5Cn-%20Source%20code%20doesn%27t%20actually%20import%20jest%20types%2C%20so%20they%27re%20not%20needed%5Cn%5CnResult%3A%5Cn-%20Local%20development%20(npm%20run%20dev)%20works%3A%20%E2%9C%85%5Cn-%20Production%20build%20(npm%20run%20build)%20works%3A%20%E2%9C%85%5Cn-%20Custom%20passport-azure-ad%20types%20found%3A%20%E2%9C%85%5Cn-%20No%20dependency%20on%20jest%20types%20in%20final%20build%3A%20%E2%9C%85%5Cn%5Cn%F0%9F%A4%96%20Generated%20with%20%5BClaude%20Code%5D(https%3A%2F%2Fclaude.com%2Fclaude-%22%7D" X-Client-IP="64.236.200.120" X-Client-Port="1072" >
  <step title="ZipPushDeploy" date="2025-10-16T01:24:47.189" >
    <step title="ZipDeploy. Extract zip." date="2025-10-16T01:24:47.198" /><!-- duration: 3ms -->
    <step title="Starting PushDeployAsync" date="2025-10-16T01:24:47.206" /><!-- duration: 4ms -->
    <step title="Removing node_modules symlink" date="2025-10-16T01:24:47.221" >
      <step title="Writing artifact to /tmp/zipdeploy/6df239c1-1d0c-42b3-ba81-60e0a151cfe7.zip" date="2025-10-16T01:24:47.279" >
        <step title="Writing multipart request body to /tmp/zipdeploy/6df239c1-1d0c-42b3-ba81-60e0a151cfe7.zip" date="2025-10-16T01:24:47.283" /><!-- duration: 14ms -->
      </step><!-- duration: 400ms -->
      <step title="Removing previous build artifact&apos;s manifest file" date="2025-10-16T01:24:47.689" >
        <step title="Start deployment in the background" date="2025-10-16T01:24:47.704" >
          <step title="Acquiring Deployment Lock" date="2025-10-16T01:24:47.720" /><!-- duration: 3ms -->
          <step title="Acquired Deployment Lock" date="2025-10-16T01:24:47.761" /><!-- duration: 4ms -->
        </step><!-- duration: 139ms -->
      </step><!-- duration: 158ms -->
      <step title="Outgoing response" date="2025-10-16T01:24:47.850" type="response" statusCode="202" statusText="Accepted" /><!-- duration: 9ms -->
    </step><!-- duration: 642ms -->
