<step title="BackgroundTrace" date="2025-10-16T00:44:39.003" instance="cb5eef" url="/api/zipdeploy" method="POST" >
  <step title="Creating temporary deployment - FetchDeploymentManager" date="2025-10-16T00:44:39.092" /><!-- duration: 18ms -->
  <step title="Creating temporary deployment" date="2025-10-16T00:44:39.115" /><!-- duration: 91ms -->
  <step title="Performing fetch based deployment" date="2025-10-16T00:44:39.254" >
    <step title="Cleaning up temp folders from previous zip deployments and extracting pushed zip file /tmp/zipdeploy/29237483-9248-4d44-89ba-aa87b5ea4c47.zip (30.31 MB) to /tmp/zipdeploy/extracted" date="2025-10-16T00:44:40.544" >
      <step title="ChmodRecursive Process exited with total time taken in ms: 572" date="2025-10-16T00:45:18.702" /><!-- duration: 5ms -->
    </step><!-- duration: 38167ms -->
    <step title="Deployment timer started" date="2025-10-16T00:45:20.727" >
      <step title="DeploymentManager.Deploy(id:d5a14145-3911-4032-b616-ff458bae76a8)" date="2025-10-16T00:45:20.742" >
        <step title="Collecting changeset information" date="2025-10-16T00:45:20.774" /><!-- duration: 101ms -->
        <step title="Updating submodules" date="2025-10-16T00:45:20.881" /><!-- duration: 1129ms -->
        <step title="Determining deployment builder" date="2025-10-16T00:45:22.218" >
          <step title="Builder is BasicBuilder" date="2025-10-16T00:45:22.250" /><!-- duration: 3ms -->
        </step><!-- duration: 38ms -->
        <step title="PreDeployment: context.CleanOutputPath False" date="2025-10-16T00:45:22.311" >
          <step title="PreDeployment: context.OutputPath /home/site/wwwroot" date="2025-10-16T00:45:22.465" >
            <step title="Building" date="2025-10-16T00:45:22.669" >
              <step title="Executing external process" date="2025-10-16T00:45:22.962" type="process" path="starter.sh" arguments="/opt/Kudu/Scripts/parallel_rsync.sh /tmp/zipdeploy/extracted /home/site/wwwroot 8 /tmp/ False True  " >
                <step title="Cpu: rsync(891,0.180s)+rsync(876,0.150s)+rsync(868,1.020s)+bash(866,0.000s)+rsync(892,0.220s)+rsync(881,0.150s)+rsync(872,0.900s)+bash(867,0.000s)+rsync(894,0.170s)+rsync(879,0.130s)+rsync(871,0.990s)+bash(869,0.000s)+rsync(899,0.160s)+rsync(885,0.210s)+rsync(875,1.370s)+bash(870,0.010s)+rsync(898,0.190s)+rsync(887,0.150s)+rsync(880,1.230s)+bash(873,0.000s)+rsync(895,0.190s)+rsync(883,0.180s)+rsync(878,1.120s)+bash(874,0.000s)+rsync(893,0.170s)+rsync(889,0.180s)+rsync(886,1.030s)+bash(877,0.000s)+rsync(890,0.240s)+rsync(888,0.190s)+rsync(884,0.830s)+bash(882,0.000s)+xargs(865,0.010s)+parallel_rsync.sh(857,0.000s)=total(11.370s)" date="2025-10-16T00:46:24.178" /><!-- duration: 16ms -->
                <step title="starter.sh: no io activity for 60s, prev-cpu=-1.000s, current-cpu=11.370s" date="2025-10-16T00:46:24.199" /><!-- duration: 16ms -->
                <step title="Cpu: rsync(891,0.360s)+rsync(876,0.150s)+rsync(868,1.040s)+bash(866,0.000s)+rsync(892,0.360s)+rsync(881,0.150s)+rsync(872,0.930s)+bash(867,0.000s)+rsync(894,0.350s)+rsync(879,0.130s)+rsync(871,1.050s)+bash(869,0.000s)+rsync(899,0.360s)+rsync(885,0.210s)+rsync(875,1.410s)+bash(870,0.010s)+rsync(898,0.360s)+rsync(887,0.150s)+rsync(880,1.250s)+bash(873,0.000s)+rsync(895,0.370s)+rsync(883,0.180s)+rsync(878,1.150s)+bash(874,0.000s)+rsync(893,0.340s)+rsync(889,0.180s)+rsync(886,1.090s)+bash(877,0.000s)+rsync(890,0.390s)+rsync(888,0.190s)+rsync(884,0.860s)+bash(882,0.000s)+xargs(865,0.010s)+parallel_rsync.sh(857,0.000s)=total(13.030s)" date="2025-10-16T00:47:24.305" /><!-- duration: 17ms -->
                <step title="starter.sh: no io activity for 121s, prev-cpu=11.370s, current-cpu=13.030s" date="2025-10-16T00:47:24.333" /><!-- duration: 6ms -->
                <step title="Cpu: rsync(891,0.550s)+rsync(876,0.150s)+rsync(868,1.090s)+bash(866,0.000s)+rsync(892,0.500s)+rsync(881,0.150s)+rsync(872,0.940s)+bash(867,0.000s)+rsync(894,0.560s)+rsync(879,0.130s)+rsync(871,1.080s)+bash(869,0.000s)+rsync(899,0.550s)+rsync(885,0.210s)+rsync(875,1.430s)+bash(870,0.010s)+rsync(898,0.540s)+rsync(887,0.150s)+rsync(880,1.270s)+bash(873,0.000s)+rsync(895,0.540s)+rsync(883,0.180s)+rsync(878,1.190s)+bash(874,0.000s)+rsync(893,0.550s)+rsync(889,0.180s)+rsync(886,1.160s)+bash(877,0.000s)+rsync(890,0.530s)+rsync(888,0.190s)+rsync(884,0.870s)+bash(882,0.000s)+xargs(865,0.010s)+parallel_rsync.sh(857,0.000s)=total(14.710s)" date="2025-10-16T00:48:24.392" /><!-- duration: 18ms -->
                <step title="starter.sh: no io activity for 181s, prev-cpu=13.030s, current-cpu=14.710s" date="2025-10-16T00:48:24.416" /><!-- duration: 8ms -->
                <step title="Cpu: rsync(891,0.720s)+rsync(876,0.150s)+rsync(868,1.090s)+bash(866,0.000s)+rsync(892,0.640s)+rsync(881,0.150s)+rsync(872,0.960s)+bash(867,0.000s)+rsync(894,0.780s)+rsync(879,0.130s)+rsync(871,1.090s)+bash(869,0.000s)+rsync(899,0.750s)+rsync(885,0.210s)+rsync(875,1.450s)+bash(870,0.010s)+rsync(898,0.720s)+rsync(887,0.150s)+rsync(880,1.310s)+bash(873,0.000s)+rsync(895,0.720s)+rsync(883,0.180s)+rsync(878,1.190s)+bash(874,0.000s)+rsync(893,0.780s)+rsync(889,0.180s)+rsync(886,1.210s)+bash(877,0.000s)+rsync(890,0.670s)+rsync(888,0.190s)+rsync(884,0.920s)+bash(882,0.000s)+xargs(865,0.010s)+parallel_rsync.sh(857,0.000s)=total(16.360s)" date="2025-10-16T00:49:24.487" /><!-- duration: 18ms -->
                <step title="starter.sh: no io activity for 241s, prev-cpu=14.710s, current-cpu=16.360s" date="2025-10-16T00:49:24.521" /><!-- duration: 16ms -->
                <step title="Cpu: rsync(891,0.910s)+rsync(876,0.150s)+rsync(868,1.090s)+bash(866,0.000s)+rsync(892,0.800s)+rsync(881,0.150s)+rsync(872,0.960s)+bash(867,0.000s)+rsync(894,0.960s)+rsync(879,0.130s)+rsync(871,1.150s)+bash(869,0.000s)+rsync(899,0.950s)+rsync(885,0.210s)+rsync(875,1.470s)+bash(870,0.010s)+rsync(898,0.910s)+rsync(887,0.150s)+rsync(880,1.320s)+bash(873,0.000s)+rsync(895,0.900s)+rsync(883,0.180s)+rsync(878,1.200s)+bash(874,0.000s)+rsync(893,0.970s)+rsync(889,0.180s)+rsync(886,1.230s)+bash(877,0.000s)+rsync(890,0.820s)+rsync(888,0.190s)+rsync(884,0.930s)+bash(882,0.000s)+xargs(865,0.010s)+parallel_rsync.sh(857,0.000s)=total(17.930s)" date="2025-10-16T00:50:24.594" /><!-- duration: 18ms -->
                <step title="starter.sh: no io activity for 301s, prev-cpu=16.360s, current-cpu=17.930s" date="2025-10-16T00:50:24.618" /><!-- duration: 16ms -->
                <step title="Cpu: rsync(891,1.070s)+rsync(876,0.150s)+rsync(868,1.180s)+bash(866,0.000s)+rsync(892,0.970s)+rsync(881,0.150s)+rsync(872,1.040s)+bash(867,0.000s)+rsync(894,1.130s)+rsync(879,0.130s)+rsync(871,1.150s)+bash(869,0.000s)+rsync(899,1.190s)+rsync(885,0.210s)+rsync(875,1.620s)+bash(870,0.010s)+rsync(898,1.100s)+rsync(887,0.150s)+rsync(880,1.370s)+bash(873,0.000s)+rsync(895,1.100s)+rsync(883,0.180s)+rsync(878,1.250s)+bash(874,0.000s)+rsync(893,1.190s)+rsync(889,0.180s)+rsync(886,1.340s)+bash(877,0.000s)+rsync(890,1.010s)+rsync(888,0.190s)+rsync(884,1.010s)+bash(882,0.000s)+xargs(865,0.010s)+parallel_rsync.sh(857,0.000s)=total(20.080s)" date="2025-10-16T00:51:24.730" /><!-- duration: 18ms -->
                <step title="starter.sh: no io activity for 361s, prev-cpu=17.930s, current-cpu=20.080s" date="2025-10-16T00:51:24.763" /><!-- duration: 18ms -->
                <step title="Cpu: rsync(891,1.220s)+rsync(876,0.150s)+rsync(868,1.230s)+bash(866,0.000s)+rsync(892,1.120s)+rsync(881,0.150s)+rsync(872,1.080s)+bash(867,0.000s)+rsync(894,1.290s)+rsync(879,0.130s)+rsync(871,1.150s)+bash(869,0.000s)+rsync(899,1.370s)+rsync(885,0.210s)+rsync(875,1.650s)+bash(870,0.010s)+rsync(898,1.280s)+rsync(887,0.150s)+rsync(880,1.390s)+bash(873,0.000s)+rsync(895,1.220s)+rsync(883,0.180s)+rsync(878,1.300s)+bash(874,0.000s)+rsync(893,1.340s)+rsync(889,0.180s)+rsync(886,1.430s)+bash(877,0.000s)+rsync(890,1.190s)+rsync(888,0.190s)+rsync(884,1.030s)+bash(882,0.000s)+xargs(865,0.010s)+parallel_rsync.sh(857,0.000s)=total(21.650s)" date="2025-10-16T00:52:24.893" /><!-- duration: 14ms -->
                <step title="starter.sh: no io activity for 421s, prev-cpu=20.080s, current-cpu=21.650s" date="2025-10-16T00:52:24.941" /><!-- duration: 33ms -->
              </step><!-- duration: 451619ms -->
              <step title="Triggering recycle (preview mode disabled)." date="2025-10-16T00:52:54.846" /><!-- duration: 21ms -->
              <step title="Modified file to trigger a restart of the app container." date="2025-10-16T00:52:54.926" /><!-- duration: 5ms -->
              <step title="Skip function trigger and logicapp sync because function is not enabled." date="2025-10-16T00:52:54.936" /><!-- duration: 12ms -->
            </step><!-- duration: 452969ms -->
          </step><!-- duration: 453179ms -->
          <step title="Cleaning up temp files" date="2025-10-16T00:52:55.648" /><!-- duration: 6ms -->
          <step title="Cleaning up temp files" date="2025-10-16T00:52:55.667" /><!-- duration: 514ms -->
          <step title="Reloading status file with latest updates" date="2025-10-16T00:52:56.795" >
            <step title="WebHooksManager.PublishEventAsync: PostDeployment" date="2025-10-16T00:52:56.804" /><!-- duration: 131ms -->
          </step><!-- duration: 157ms -->
          <step title="Cleaning up temporary deployment - fetch deployment was successful" date="2025-10-16T00:52:56.984" /><!-- duration: 30ms -->
        </step><!-- duration: 454804ms -->
      </step><!-- duration: 456475ms -->
