<step title="Incoming Request" date="2025-10-16T00:50:49.855" instance="cb5eef" url="/api/zipdeploy?isAsync=true&amp;deployer=GITHUB_ZIP_DEPLOY&amp;message=%7B%22type%22%3A%22deployment%22%2C%22sha%22%3A%22007c17078c2cb1d98cb23eebec23c76a4e76936e%22%2C%22repoName%22%3A%22michaelloggins%2Ftimesheet-app%22%2C%22actor%22%3A%22michaelloggins%22%2C%22slotName%22%3A%22production%22%2C%22commitMessage%22%3A%22%22%7D" method="POST" type="request" pid="821,1,23" Host="api-miravista-timesheet.scm.azurewebsites.net" User-Agent="GITHUBACTIONS_DeployWebAppToAzure_5205176792b9ef4c1e63505bf009d21eeced612de5bf6ec1d71419dca72ba87f" Authorization="Bea..." Content-Type="application/octet-stream" Cookie="ARRAffinity=cb5eef86f0671d460c85f76729d7ee1bab40c68fdb93facb5032b33e34f853e1;Path=/;HttpOnly;Secure;Domain=api-miravista-timesheet.scm.azurewebsites.net; ARRAffinitySameSite=cb5eef86f0671d460c85f76729d7ee1bab40c68fdb93facb5032b33e34f853e1;Path=/;HttpOnly;SameSite=None;Secure;Domain=api-miravista-timesheet.scm.azurewebsites.net" Transfer-Encoding="chunked" X-ARR-LOG-ID="1ad0b6b5-bd23-4a81-93bf-d4f066ef270e" CLIENT-IP="20.172.6.67:43032" X-SITE-DEPLOYMENT-ID="api-miravista-timesheet" WAS-DEFAULT-HOSTNAME="api-miravista-timesheet.scm.azurewebsites.net" X-Forwarded-Proto="https" X-AppService-Proto="https" X-Forwarded-TlsVersion="1.3" X-WAWS-Unencoded-URL="/api/zipdeploy?isAsync=true&amp;deployer=GITHUB_ZIP_DEPLOY&amp;message=%7B%22type%22%3A%22deployment%22%2C%22sha%22%3A%22007c17078c2cb1d98cb23eebec23c76a4e76936e%22%2C%22repoName%22%3A%22michaelloggins%2Ftimesheet-app%22%2C%22actor%22%3A%22michaelloggins%22%2C%22slotName%22%3A%22production%22%2C%22commitMessage%22%3A%22%22%7D" X-Client-IP="20.172.6.67" X-Client-Port="43032" >
  <step title="Cleanup Xml Logs" date="2025-10-16T00:50:49.972" /><!-- duration: 26ms -->
  <step title="ZipPushDeploy" date="2025-10-16T00:50:50.048" >
    <step title="ZipDeploy. Extract zip." date="2025-10-16T00:50:50.081" /><!-- duration: 19ms -->
    <step title="Starting PushDeployAsync" date="2025-10-16T00:50:50.109" /><!-- duration: 20ms -->
    <step title="Writing artifact to /tmp/zipdeploy/e32ab185-5af6-449a-889b-4b2d05ab6273.zip" date="2025-10-16T00:50:50.156" >
      <step title="Writing multipart request body to /tmp/zipdeploy/e32ab185-5af6-449a-889b-4b2d05ab6273.zip" date="2025-10-16T00:50:50.177" /><!-- duration: 11ms -->
    </step><!-- duration: 503ms -->
    <step title="Start deployment in the background" date="2025-10-16T00:50:50.679" >
      <step title="Acquiring Deployment Lock" date="2025-10-16T00:50:50.693" /><!-- duration: 27ms -->
      <step title="Cannot Acquire Deployment Lock already held" date="2025-10-16T00:50:50.756" /><!-- duration: 15ms -->
    </step><!-- duration: 230ms -->
    <step title="There is a deployment currently in progress. Please try again when it completes." date="2025-10-16T00:50:50.931" /><!-- duration: 12ms -->
  </step><!-- duration: 906ms -->
  <step title="Outgoing response" date="2025-10-16T00:50:50.961" type="response" statusCode="409" statusText="Conflict" /><!-- duration: 22ms -->
</step><!-- duration: 1171ms -->
