<step title="Incoming Request" date="2025-10-16T01:07:17.878" instance="cb5eef" url="/api/deployments/latest?deployer=GITHUB_ZIP_DEPLOY&amp;time=2025-10-16_01-05-59Z" method="GET" type="request" pid="821,1,30" Host="api-miravista-timesheet.scm.azurewebsites.net" User-Agent="GITHUBACTIONS_DeployWebAppToAzure_5205176792b9ef4c1e63505bf009d21eeced612de5bf6ec1d71419dca72ba87f" Authorization="Bea..." Content-Type="application/json; charset=utf-8" Cookie="ARRAffinity=cb5eef86f0671d460c85f76729d7ee1bab40c68fdb93facb5032b33e34f853e1;Path=/;HttpOnly;Secure;Domain=api-miravista-timesheet.scm.azurewebsites.net; ARRAffinitySameSite=cb5eef86f0671d460c85f76729d7ee1bab40c68fdb93facb5032b33e34f853e1;Path=/;HttpOnly;SameSite=None;Secure;Domain=api-miravista-timesheet.scm.azurewebsites.net" Content-Length="0" X-ARR-LOG-ID="72eef70c-a7ac-40e8-b090-5f1e98bfa15c" CLIENT-IP="64.236.134.49:43008" X-SITE-DEPLOYMENT-ID="api-miravista-timesheet" WAS-DEFAULT-HOSTNAME="api-miravista-timesheet.scm.azurewebsites.net" X-Forwarded-Proto="https" X-AppService-Proto="https" X-Forwarded-TlsVersion="1.3" X-WAWS-Unencoded-URL="/api/deployments/latest?deployer=GITHUB_ZIP_DEPLOY&amp;time=2025-10-16_01-05-59Z" X-Client-IP="64.236.134.49" X-Client-Port="43008" >
  <step title="Cleanup Xml Logs" date="2025-10-16T01:07:17.896" >
    <step title="Cleanup Infos" date="2025-10-16T01:07:17.938" totalFiles="201" totalCleanup="41" /><!-- duration: 21ms -->
  </step><!-- duration: 83ms -->
  <step title="DeploymentService.GetResult" date="2025-10-16T01:07:18.000" >
    <step title="DeploymentService.GetLatestDeployment" date="2025-10-16T01:07:18.021" >
      <step title="DeploymentManager.GetResults" date="2025-10-16T01:07:18.042" /><!-- duration: 293ms -->
    </step><!-- duration: 321ms -->
  </step><!-- duration: 346ms -->
  <step title="Outgoing response" date="2025-10-16T01:07:18.351" type="response" statusCode="202" statusText="Accepted" /><!-- duration: 5ms -->
</step><!-- duration: 490ms -->
