<step title="Incoming Request" date="2025-10-16T00:51:12.620" instance="cb5eef" url="/api/zipdeploy?isAsync=true&amp;deployer=GITHUB_ZIP_DEPLOY&amp;message=%7B%22type%22%3A%22deployment%22%2C%22sha%22%3A%22007c17078c2cb1d98cb23eebec23c76a4e76936e%22%2C%22repoName%22%3A%22michaelloggins%2Ftimesheet-app%22%2C%22actor%22%3A%22michaelloggins%22%2C%22slotName%22%3A%22production%22%2C%22commitMessage%22%3A%22%22%7D" method="POST" type="request" pid="821,1,20" Host="api-miravista-timesheet.scm.azurewebsites.net" User-Agent="GITHUBACTIONS_DeployWebAppToAzure_5205176792b9ef4c1e63505bf009d21eeced612de5bf6ec1d71419dca72ba87f" Authorization="Bea..." Content-Type="application/octet-stream" Cookie="ARRAffinity=cb5eef86f0671d460c85f76729d7ee1bab40c68fdb93facb5032b33e34f853e1;Path=/;HttpOnly;Secure;Domain=api-miravista-timesheet.scm.azurewebsites.net; ARRAffinitySameSite=cb5eef86f0671d460c85f76729d7ee1bab40c68fdb93facb5032b33e34f853e1;Path=/;HttpOnly;SameSite=None;Secure;Domain=api-miravista-timesheet.scm.azurewebsites.net" Transfer-Encoding="chunked" X-ARR-LOG-ID="08b9ca81-c47e-4aff-8f33-74d7321f8eda" CLIENT-IP="20.172.6.67:43032" X-SITE-DEPLOYMENT-ID="api-miravista-timesheet" WAS-DEFAULT-HOSTNAME="api-miravista-timesheet.scm.azurewebsites.net" X-Forwarded-Proto="https" X-AppService-Proto="https" X-Forwarded-TlsVersion="1.3" X-WAWS-Unencoded-URL="/api/zipdeploy?isAsync=true&amp;deployer=GITHUB_ZIP_DEPLOY&amp;message=%7B%22type%22%3A%22deployment%22%2C%22sha%22%3A%22007c17078c2cb1d98cb23eebec23c76a4e76936e%22%2C%22repoName%22%3A%22michaelloggins%2Ftimesheet-app%22%2C%22actor%22%3A%22michaelloggins%22%2C%22slotName%22%3A%22production%22%2C%22commitMessage%22%3A%22%22%7D" X-Client-IP="20.172.6.67" X-Client-Port="43032" >
  <step title="Cleanup Xml Logs" date="2025-10-16T00:51:12.638" /><!-- duration: 13ms -->
  <step title="ZipPushDeploy" date="2025-10-16T00:51:12.672" >
    <step title="ZipDeploy. Extract zip." date="2025-10-16T00:51:12.730" /><!-- duration: 19ms -->
    <step title="Starting PushDeployAsync" date="2025-10-16T00:51:12.768" /><!-- duration: 12ms -->
    <step title="Writing artifact to /tmp/zipdeploy/16823a53-9c62-402a-b90b-60784c76e96e.zip" date="2025-10-16T00:51:12.819" >
      <step title="Writing multipart request body to /tmp/zipdeploy/16823a53-9c62-402a-b90b-60784c76e96e.zip" date="2025-10-16T00:51:12.826" /><!-- duration: 42ms -->
    </step><!-- duration: 615ms -->
    <step title="Start deployment in the background" date="2025-10-16T00:51:13.458" >
      <step title="Acquiring Deployment Lock" date="2025-10-16T00:51:13.516" /><!-- duration: 8ms -->
      <step title="Cannot Acquire Deployment Lock already held" date="2025-10-16T00:51:13.546" /><!-- duration: 9ms -->
    </step><!-- duration: 176ms -->
    <step title="There is a deployment currently in progress. Please try again when it completes." date="2025-10-16T00:51:13.640" /><!-- duration: 7ms -->
  </step><!-- duration: 994ms -->
  <step title="Outgoing response" date="2025-10-16T00:51:13.696" type="response" statusCode="409" statusText="Conflict" /><!-- duration: 21ms -->
</step><!-- duration: 1166ms -->
