<step title="Incoming Request" date="2025-10-16T01:25:26.598" instance="cb5eef" url="/api/deployments/latest?deployer=GITHUB_ZIP_DEPLOY&amp;time=2025-10-16_01-24-47Z" method="GET" type="request" pid="821,1,46" Host="api-miravista-timesheet.scm.azurewebsites.net" User-Agent="GITHUBACTIONS_DeployWebAppToAzure_5205176792b9ef4c1e63505bf009d21eeced612de5bf6ec1d71419dca72ba87f" Authorization="Bea..." Content-Type="application/json; charset=utf-8" Cookie="ARRAffinity=cb5eef86f0671d460c85f76729d7ee1bab40c68fdb93facb5032b33e34f853e1;Path=/;HttpOnly;Secure;Domain=api-miravista-timesheet.scm.azurewebsites.net; ARRAffinitySameSite=cb5eef86f0671d460c85f76729d7ee1bab40c68fdb93facb5032b33e34f853e1;Path=/;HttpOnly;SameSite=None;Secure;Domain=api-miravista-timesheet.scm.azurewebsites.net" Content-Length="0" X-ARR-LOG-ID="a170b435-5bb4-48bf-ac69-3f46db694766" CLIENT-IP="64.236.200.120:1072" X-SITE-DEPLOYMENT-ID="api-miravista-timesheet" WAS-DEFAULT-HOSTNAME="api-miravista-timesheet.scm.azurewebsites.net" X-Forwarded-Proto="https" X-AppService-Proto="https" X-Forwarded-TlsVersion="1.3" X-WAWS-Unencoded-URL="/api/deployments/latest?deployer=GITHUB_ZIP_DEPLOY&amp;time=2025-10-16_01-24-47Z" X-Client-IP="64.236.200.120" X-Client-Port="1072" >
  <step title="Cleanup Xml Logs" date="2025-10-16T01:25:26.608" >
    <step title="Cleanup Infos" date="2025-10-16T01:25:26.637" totalFiles="233" totalCleanup="73" /><!-- duration: 11ms -->
  </step><!-- duration: 58ms -->
  <step title="DeploymentService.GetResult" date="2025-10-16T01:25:26.698" >
    <step title="DeploymentService.GetLatestDeployment" date="2025-10-16T01:25:26.715" >
      <step title="DeploymentManager.GetResults" date="2025-10-16T01:25:26.719" /><!-- duration: 378ms -->
    </step><!-- duration: 403ms -->
  </step><!-- duration: 451ms -->
  <step title="Outgoing response" date="2025-10-16T01:25:27.188" type="response" statusCode="202" statusText="Accepted" /><!-- duration: 11ms -->
</step><!-- duration: 619ms -->
