<step title="Incoming Request" date="2025-10-16T01:07:34.833" instance="cb5eef" url="/api/deployments/latest?deployer=GITHUB_ZIP_DEPLOY&amp;time=2025-10-16_01-05-59Z" method="GET" type="request" pid="821,1,32" Host="api-miravista-timesheet.scm.azurewebsites.net" User-Agent="GITHUBACTIONS_DeployWebAppToAzure_5205176792b9ef4c1e63505bf009d21eeced612de5bf6ec1d71419dca72ba87f" Authorization="Bea..." Content-Type="application/json; charset=utf-8" Cookie="ARRAffinity=cb5eef86f0671d460c85f76729d7ee1bab40c68fdb93facb5032b33e34f853e1;Path=/;HttpOnly;Secure;Domain=api-miravista-timesheet.scm.azurewebsites.net; ARRAffinitySameSite=cb5eef86f0671d460c85f76729d7ee1bab40c68fdb93facb5032b33e34f853e1;Path=/;HttpOnly;SameSite=None;Secure;Domain=api-miravista-timesheet.scm.azurewebsites.net" Content-Length="0" X-ARR-LOG-ID="a11f7db9-46cc-464d-9381-683a5b7f8404" CLIENT-IP="64.236.134.49:43008" X-SITE-DEPLOYMENT-ID="api-miravista-timesheet" WAS-DEFAULT-HOSTNAME="api-miravista-timesheet.scm.azurewebsites.net" X-Forwarded-Proto="https" X-AppService-Proto="https" X-Forwarded-TlsVersion="1.3" X-WAWS-Unencoded-URL="/api/deployments/latest?deployer=GITHUB_ZIP_DEPLOY&amp;time=2025-10-16_01-05-59Z" X-Client-IP="64.236.134.49" X-Client-Port="43008" >
  <step title="Cleanup Xml Logs" date="2025-10-16T01:07:34.839" >
    <step title="Cleanup Infos" date="2025-10-16T01:07:34.849" totalFiles="204" totalCleanup="44" /><!-- duration: 7ms -->
  </step><!-- duration: 23ms -->
  <step title="DeploymentService.GetResult" date="2025-10-16T01:07:34.883" >
    <step title="DeploymentService.GetLatestDeployment" date="2025-10-16T01:07:34.889" >
      <step title="DeploymentManager.GetResults" date="2025-10-16T01:07:34.897" /><!-- duration: 287ms -->
    </step><!-- duration: 311ms -->
  </step><!-- duration: 323ms -->
  <step title="Outgoing response" date="2025-10-16T01:07:35.213" type="response" statusCode="202" statusText="Accepted" /><!-- duration: 5ms -->
</step><!-- duration: 391ms -->
