<step title="BackgroundTrace" date="2025-10-16T01:24:47.710" instance="cb5eef" url="/api/zipdeploy" method="POST" >
  <step title="Creating temporary deployment - FetchDeploymentManager" date="2025-10-16T01:24:47.768" /><!-- duration: 3ms -->
  <step title="Creating temporary deployment" date="2025-10-16T01:24:47.775" /><!-- duration: 64ms -->
  <step title="Performing fetch based deployment" date="2025-10-16T01:24:47.870" >
    <step title="Cleaning up temp folders from previous zip deployments and extracting pushed zip file /tmp/zipdeploy/6df239c1-1d0c-42b3-ba81-60e0a151cfe7.zip (30.00 MB) to /tmp/zipdeploy/extracted" date="2025-10-16T01:24:49.010" >
      <step title="ChmodRecursive Process exited with total time taken in ms: 548" date="2025-10-16T01:25:29.312" /><!-- duration: 7ms -->
    </step><!-- duration: 40312ms -->
    <step title="Deployment timer started" date="2025-10-16T01:25:31.333" >
      <step title="DeploymentManager.Deploy(id:afaf817e-d6d1-4a74-9721-1c03bf22d9f6)" date="2025-10-16T01:25:31.339" >
        <step title="Collecting changeset information" date="2025-10-16T01:25:31.372" /><!-- duration: 104ms -->
        <step title="Updating submodules" date="2025-10-16T01:25:31.483" /><!-- duration: 1116ms -->
        <step title="Determining deployment builder" date="2025-10-16T01:25:32.817" >
          <step title="Builder is BasicBuilder" date="2025-10-16T01:25:32.834" /><!-- duration: 8ms -->
        </step><!-- duration: 28ms -->
        <step title="PreDeployment: context.CleanOutputPath False" date="2025-10-16T01:25:32.898" >
          <step title="PreDeployment: context.OutputPath /home/site/wwwroot" date="2025-10-16T01:25:33.030" >
            <step title="Building" date="2025-10-16T01:25:33.167" >
              <step title="Executing external process" date="2025-10-16T01:25:33.660" type="process" path="starter.sh" arguments="/opt/Kudu/Scripts/absoluteTar.sh /tmp/zipdeploy/extracted/node_modules /tmp/zipdeploy/extracted/node_modules.tar.gz" /><!-- duration: 11771ms -->
              <step title="Executing external process" date="2025-10-16T01:25:45.648" type="process" path="starter.sh" arguments="/opt/Kudu/Scripts/parallel_rsync.sh /tmp/zipdeploy/extracted /home/site/wwwroot 8 /tmp/ False True node_modules " /><!-- duration: 5015ms -->
              <step title="Triggering recycle (preview mode disabled)." date="2025-10-16T01:25:51.274" /><!-- duration: 7ms -->
              <step title="Modified file to trigger a restart of the app container." date="2025-10-16T01:25:51.312" /><!-- duration: 4ms -->
              <step title="Skip function trigger and logicapp sync because function is not enabled." date="2025-10-16T01:25:51.321" /><!-- duration: 8ms -->
            </step><!-- duration: 18962ms -->
          </step><!-- duration: 19106ms -->
          <step title="Cleaning up temp files" date="2025-10-16T01:25:52.140" /><!-- duration: 4ms -->
          <step title="Cleaning up temp files" date="2025-10-16T01:25:52.150" /><!-- duration: 509ms -->
          <step title="Reloading status file with latest updates" date="2025-10-16T01:25:52.689" >
            <step title="WebHooksManager.PublishEventAsync: PostDeployment" date="2025-10-16T01:25:52.694" /><!-- duration: 37ms -->
          </step><!-- duration: 45ms -->
          <step title="Cleaning up temporary deployment - fetch deployment was successful" date="2025-10-16T01:25:52.741" /><!-- duration: 3ms -->
        </step><!-- duration: 19912ms -->
      </step><!-- duration: 21486ms -->
