<step title="Incoming Request" date="2025-10-16T01:07:23.455" instance="cb5eef" url="/api/deployments/latest?deployer=GITHUB_ZIP_DEPLOY&amp;time=2025-10-16_01-05-59Z" method="GET" type="request" pid="821,1,32" Host="api-miravista-timesheet.scm.azurewebsites.net" User-Agent="GITHUBACTIONS_DeployWebAppToAzure_5205176792b9ef4c1e63505bf009d21eeced612de5bf6ec1d71419dca72ba87f" Authorization="Bea..." Content-Type="application/json; charset=utf-8" Cookie="ARRAffinity=cb5eef86f0671d460c85f76729d7ee1bab40c68fdb93facb5032b33e34f853e1;Path=/;HttpOnly;Secure;Domain=api-miravista-timesheet.scm.azurewebsites.net; ARRAffinitySameSite=cb5eef86f0671d460c85f76729d7ee1bab40c68fdb93facb5032b33e34f853e1;Path=/;HttpOnly;SameSite=None;Secure;Domain=api-miravista-timesheet.scm.azurewebsites.net" Content-Length="0" X-ARR-LOG-ID="64d7ef80-12b0-4fd0-b67b-abbcaeb65520" CLIENT-IP="64.236.134.49:43009" X-SITE-DEPLOYMENT-ID="api-miravista-timesheet" WAS-DEFAULT-HOSTNAME="api-miravista-timesheet.scm.azurewebsites.net" X-Forwarded-Proto="https" X-AppService-Proto="https" X-Forwarded-TlsVersion="1.3" X-WAWS-Unencoded-URL="/api/deployments/latest?deployer=GITHUB_ZIP_DEPLOY&amp;time=2025-10-16_01-05-59Z" X-Client-IP="64.236.134.49" X-Client-Port="43009" >
  <step title="Cleanup Xml Logs" date="2025-10-16T01:07:23.460" >
    <step title="Cleanup Infos" date="2025-10-16T01:07:23.471" totalFiles="202" totalCleanup="42" /><!-- duration: 13ms -->
  </step><!-- duration: 37ms -->
  <step title="DeploymentService.GetResult" date="2025-10-16T01:07:23.512" >
    <step title="DeploymentService.GetLatestDeployment" date="2025-10-16T01:07:23.519" >
      <step title="DeploymentManager.GetResults" date="2025-10-16T01:07:23.526" /><!-- duration: 298ms -->
    </step><!-- duration: 318ms -->
  </step><!-- duration: 332ms -->
  <step title="Outgoing response" date="2025-10-16T01:07:23.850" type="response" statusCode="202" statusText="Accepted" /><!-- duration: 11ms -->
</step><!-- duration: 412ms -->
