<step title="BackgroundTrace" date="2025-10-16T01:05:59.120" instance="cb5eef" url="/api/zipdeploy" method="POST" >
  <step title="Creating temporary deployment - FetchDeploymentManager" date="2025-10-16T01:05:59.168" /><!-- duration: 3ms -->
  <step title="Creating temporary deployment" date="2025-10-16T01:05:59.175" /><!-- duration: 95ms -->
  <step title="Performing fetch based deployment" date="2025-10-16T01:05:59.365" >
    <step title="Cleaning up temp folders from previous zip deployments and extracting pushed zip file /tmp/zipdeploy/6f8edf18-f03c-463d-948e-45708ece6999.zip (30.00 MB) to /tmp/zipdeploy/extracted" date="2025-10-16T01:06:00.513" >
      <step title="ChmodRecursive Process exited with total time taken in ms: 673" date="2025-10-16T01:06:41.957" /><!-- duration: 7ms -->
    </step><!-- duration: 41455ms -->
    <step title="Deployment timer started" date="2025-10-16T01:06:43.985" >
      <step title="DeploymentManager.Deploy(id:8772be68-7c55-4a5d-abec-b9f771a5ebf5)" date="2025-10-16T01:06:43.992" >
        <step title="Collecting changeset information" date="2025-10-16T01:06:44.010" /><!-- duration: 96ms -->
        <step title="Updating submodules" date="2025-10-16T01:06:44.114" /><!-- duration: 1155ms -->
        <step title="Determining deployment builder" date="2025-10-16T01:06:45.492" >
          <step title="Builder is BasicBuilder" date="2025-10-16T01:06:45.511" /><!-- duration: 4ms -->
        </step><!-- duration: 26ms -->
        <step title="PreDeployment: context.CleanOutputPath False" date="2025-10-16T01:06:45.573" >
          <step title="PreDeployment: context.OutputPath /home/site/wwwroot" date="2025-10-16T01:06:45.684" >
            <step title="Building" date="2025-10-16T01:06:45.838" >
              <step title="Executing external process" date="2025-10-16T01:06:46.430" type="process" path="starter.sh" arguments="/opt/Kudu/Scripts/absoluteTar.sh /tmp/zipdeploy/extracted/node_modules /tmp/zipdeploy/extracted/node_modules.tar.gz" /><!-- duration: 11707ms -->
              <step title="Executing external process" date="2025-10-16T01:06:58.394" type="process" path="starter.sh" arguments="/opt/Kudu/Scripts/parallel_rsync.sh /tmp/zipdeploy/extracted /home/site/wwwroot 8 /tmp/ False True node_modules " >
                <step title="Cpu: rsync(1186,0.000s)+rsync(1183,0.950s)+rsync(1182,6.810s)+parallel_rsync.sh(1138,0.010s)=total(7.770s)" date="2025-10-16T01:08:05.495" /><!-- duration: 11493ms -->
                <step title="starter.sh: no io activity for 60s, prev-cpu=-1.000s, current-cpu=7.770s" date="2025-10-16T01:08:16.999" /><!-- duration: 24ms -->
              </step><!-- duration: 135210ms -->
              <step title="Triggering recycle (preview mode disabled)." date="2025-10-16T01:09:14.364" /><!-- duration: 9ms -->
              <step title="Modified file to trigger a restart of the app container." date="2025-10-16T01:09:14.402" /><!-- duration: 4ms -->
              <step title="Skip function trigger and logicapp sync because function is not enabled." date="2025-10-16T01:09:14.410" /><!-- duration: 15ms -->
            </step><!-- duration: 149356ms -->
          </step><!-- duration: 149515ms -->
          <step title="Cleaning up temp files" date="2025-10-16T01:09:15.206" /><!-- duration: 5ms -->
          <step title="Cleaning up temp files" date="2025-10-16T01:09:15.223" /><!-- duration: 504ms -->
          <step title="Reloading status file with latest updates" date="2025-10-16T01:09:15.762" >
            <step title="WebHooksManager.PublishEventAsync: PostDeployment" date="2025-10-16T01:09:15.767" /><!-- duration: 36ms -->
          </step><!-- duration: 46ms -->
          <step title="Cleaning up temporary deployment - fetch deployment was successful" date="2025-10-16T01:09:15.814" /><!-- duration: 4ms -->
        </step><!-- duration: 150321ms -->
      </step><!-- duration: 151923ms -->
