﻿<?xml version="1.0" encoding="utf-8"?>
<deployment>
  <id>8772be68-7c55-4a5d-abec-b9f771a5ebf5</id>
  <author>N/A</author>
  <deployer>GITHUB_ZIP_DEPLOY</deployer>
  <authorEmail>N/A</authorEmail>
  <message>{"type":"deployment","sha":"012cc23f79c5115c1db54d1abe3b8a5db43f0208","repoName":"michaelloggins/timesheet-app","actor":"michaelloggins","slotName":"production","commitMessage":"Fix backend deployment package structure for Azure Web App\n\nFixed the zip file structure to have files at root level instead of\nnested in a 'deploy' folder, which was causing Azure to serve the\ndefault welcome page instead of the application.\n\nChanges:\n- Changed zip command from 'zip -r deploy.zip deploy' to 'zip -r ../deploy.zip .'\n- Now zipping from inside the deploy directory to get correct structure\n\nBefore (incorrect):\n  deploy.zip/\n    deploy/\n      dist/\n      package.json\n      node_modules/\n\nAfter (correct):\n  deploy.zip/\n    dist/\n    package.json\n    node_modules/\n\nThis allows Azure Web App to properly detect the Node.js application\nand start it using the \"start\" script from package.json.\n\nFixes the 404 error on /health endpoint by ensuring the application\nactually starts instead of serving the default Azure welcome page.\n\n🤖 Generated with [Claude Code](https://claude.com/claude-code)\n\nCo-Authored-By: Claude &lt;noreply@anthropic.com&gt;"}</message>
  <progress></progress>
  <status>Success</status>
  <statusText></statusText>
  <lastSuccessEndTime>2025-10-16T01:09:14.7945484Z</lastSuccessEndTime>
  <receivedTime>2025-10-16T01:06:44.0362497Z</receivedTime>
  <startTime>2025-10-16T01:06:45.4455854Z</startTime>
  <endTime>2025-10-16T01:09:14.7945484Z</endTime>
  <complete>True</complete>
  <is_temp>False</is_temp>
  <is_readonly>True</is_readonly>
  <buildSummary />
</deployment>