﻿<?xml version="1.0" encoding="utf-8"?>
<deployment>
  <id>afaf817e-d6d1-4a74-9721-1c03bf22d9f6</id>
  <author>N/A</author>
  <deployer>GITHUB_ZIP_DEPLOY</deployer>
  <authorEmail>N/A</authorEmail>
  <message>{"type":"deployment","sha":"61178e9440cf3140fa831a2c81561b4d796beeea","repoName":"michaelloggins/timesheet-app","actor":"michaelloggins","slotName":"production","commitMessage":"Remove explicit types array from tsconfig to fix production build\n\nRemoved the \"types\": [\"node\", \"jest\"] array from tsconfig.json which\nwas causing build failures in CI/CD when running after npm ci --production.\n\nThe Issue:\n- When \"types\" array is specified, TypeScript only includes those specific\n  type packages\n- In production builds, npm ci --production doesn't install devDependencies\n  like @types/jest and @types/node\n- This caused: \"Cannot find type definition file for 'jest'\" and similar errors\n\nThe Fix:\n- Removed explicit \"types\" array, letting TypeScript auto-discover all\n  available @types packages\n- Kept \"typeRoots\" to include custom type declarations in src/types\n- Source code doesn't actually import jest types, so they're not needed\n\nResult:\n- Local development (npm run dev) works: ✅\n- Production build (npm run build) works: ✅\n- Custom passport-azure-ad types found: ✅\n- No dependency on jest types in final build: ✅\n\n🤖 Generated with [Claude Code](https://claude.com/claude-"}</message>
  <progress></progress>
  <status>Success</status>
  <statusText></statusText>
  <lastSuccessEndTime>2025-10-16T01:25:51.7083062Z</lastSuccessEndTime>
  <receivedTime>2025-10-16T01:25:31.4208772Z</receivedTime>
  <startTime>2025-10-16T01:25:32.746609Z</startTime>
  <endTime>2025-10-16T01:25:51.7083062Z</endTime>
  <complete>True</complete>
  <is_temp>False</is_temp>
  <is_readonly>True</is_readonly>
  <buildSummary />
</deployment>